sensor_id,shipment_id,temperature,timestamp,status
SENSOR-6,SHIP-1495,-15.97,2026-02-22T15:07:17.494033,CRITICAL
SENSOR-10,SHIP-6485,-17.61,2026-02-22T15:07:21.941718,CRITICAL
SENSOR-1,SHIP-9910,-10.91,2026-02-22T15:07:24.010432,CRITICAL
SENSOR-5,SHIP-1414,-18.3,2026-02-22T15:07:26.083648,OK
SENSOR-2,SHIP-7382,-16.95,2026-02-22T15:07:28.215556,CRITICAL
SENSOR-7,SHIP-8468,-22.18,2026-02-22T15:07:30.281998,OK
SENSOR-4,SHIP-4428,-18.54,2026-02-22T15:07:32.359219,OK
SENSOR-4,SHIP-4953,-21.09,2026-02-22T15:07:34.423783,OK
SENSOR-7,SHIP-6524,-10.87,2026-02-22T15:07:36.472504,CRITICAL
SENSOR-3,SHIP-7804,-18.44,2026-02-22T15:07:38.553626,OK
SENSOR-5,SHIP-4710,-16.96,2026-02-22T15:07:40.627278,CRITICAL
SENSOR-6,SHIP-8228,-10.29,2026-02-22T15:07:42.716955,CRITICAL
SENSOR-1,SHIP-1684,-17.91,2026-02-22T15:07:44.786788,CRITICAL
SENSOR-10,SHIP-4565,-14.97,2026-02-22T15:07:46.860524,CRITICAL
SENSOR-2,SHIP-9943,-18.22,2026-02-22T15:07:48.929955,OK
SENSOR-3,SHIP-5357,-19.81,2026-02-22T15:07:51.008427,OK
SENSOR-4,SHIP-9604,-21.88,2026-02-22T15:07:53.056833,OK
SENSOR-6,SHIP-7503,-11.27,2026-02-22T15:07:55.123685,CRITICAL
SENSOR-1,SHIP-3872,-14.14,2026-02-22T15:07:57.206825,CRITICAL
SENSOR-8,SHIP-5619,-10.72,2026-02-22T15:07:59.280300,CRITICAL
SENSOR-5,SHIP-6370,-10.19,2026-02-22T15:08:01.349326,CRITICAL
SENSOR-6,SHIP-5954,-13.75,2026-02-22T15:08:03.418458,CRITICAL
SENSOR-5,SHIP-2301,-14.79,2026-02-22T15:08:05.518143,CRITICAL
SENSOR-6,SHIP-1144,-12.92,2026-02-22T15:08:07.599959,CRITICAL
SENSOR-6,SHIP-9033,-18.56,2026-02-22T15:08:09.661653,OK
SENSOR-3,SHIP-9870,-22.27,2026-02-22T15:08:11.749840,OK
SENSOR-4,SHIP-5972,-14.7,2026-02-22T15:08:13.804736,CRITICAL
SENSOR-3,SHIP-3986,-12.4,2026-02-22T15:08:16.099005,CRITICAL
SENSOR-10,SHIP-2797,-11.88,2026-02-22T15:08:18.145863,CRITICAL
SENSOR-1,SHIP-1076,-17.08,2026-02-22T15:08:20.215495,CRITICAL
SENSOR-1,SHIP-5891,-21.61,2026-02-22T15:08:22.306964,OK
SENSOR-2,SHIP-9896,-19.56,2026-02-22T15:08:24.440720,OK
SENSOR-6,SHIP-6566,-15.92,2026-02-22T15:08:26.510241,CRITICAL
SENSOR-3,SHIP-3414,-19.92,2026-02-22T15:08:28.591369,OK
SENSOR-7,SHIP-7232,-23.65,2026-02-22T15:08:30.728960,OK
SENSOR-2,SHIP-4888,-14.49,2026-02-22T15:08:32.798561,CRITICAL
SENSOR-9,SHIP-6132,-11.41,2026-02-22T15:08:34.873984,CRITICAL
SENSOR-4,SHIP-8651,-13.03,2026-02-22T15:08:36.938986,CRITICAL
SENSOR-9,SHIP-1925,-14.07,2026-02-22T15:08:39.032495,CRITICAL
SENSOR-10,SHIP-7439,-17.45,2026-02-22T15:08:41.115748,CRITICAL
SENSOR-2,SHIP-6833,-24.73,2026-02-22T15:08:43.157834,OK
SENSOR-1,SHIP-3268,-20.62,2026-02-22T15:08:45.239111,OK
SENSOR-2,SHIP-2727,-13.6,2026-02-22T15:08:47.346829,CRITICAL
SENSOR-3,SHIP-8720,-24.65,2026-02-22T15:08:49.419268,OK
SENSOR-6,SHIP-1237,-10.14,2026-02-22T15:08:51.495262,CRITICAL
SENSOR-9,SHIP-5910,-14.75,2026-02-22T15:08:53.551203,CRITICAL
SENSOR-3,SHIP-2313,-14.25,2026-02-22T15:08:55.630633,CRITICAL
SENSOR-2,SHIP-9586,-24.54,2026-02-22T15:08:57.709356,OK
SENSOR-4,SHIP-9273,-11.52,2026-02-22T15:08:59.782887,CRITICAL
SENSOR-8,SHIP-1925,-13.85,2026-02-22T15:09:01.880728,CRITICAL
SENSOR-9,SHIP-8771,-15.19,2026-02-22T15:09:03.938124,CRITICAL
SENSOR-10,SHIP-6232,-22.41,2026-02-22T15:09:06.023741,OK
SENSOR-9,SHIP-7925,-24.82,2026-02-22T15:09:08.096172,OK
SENSOR-2,SHIP-7035,-12.63,2026-02-22T15:09:10.183419,CRITICAL
SENSOR-1,SHIP-1684,-23.04,2026-02-22T15:09:12.252428,OK
SENSOR-6,SHIP-2568,-22.1,2026-02-22T15:09:14.326087,OK
SENSOR-3,SHIP-4913,-17.43,2026-02-22T15:09:16.398480,CRITICAL
SENSOR-2,SHIP-8975,-11.39,2026-02-22T15:09:18.462026,CRITICAL
SENSOR-1,SHIP-9071,-19.59,2026-02-22T15:09:20.542753,OK
SENSOR-10,SHIP-6243,-12.29,2026-02-22T15:09:22.611544,CRITICAL
SENSOR-2,SHIP-6000,-10.47,2026-02-22T15:09:24.664683,CRITICAL
SENSOR-6,SHIP-9881,-14.26,2026-02-22T15:09:26.730167,CRITICAL
SENSOR-5,SHIP-4873,-17.62,2026-02-22T15:09:28.799931,CRITICAL
SENSOR-5,SHIP-8321,-20.65,2026-02-22T15:09:30.890162,OK
SENSOR-8,SHIP-7343,-10.44,2026-02-22T15:09:32.985160,CRITICAL
SENSOR-3,SHIP-9152,-13.05,2026-02-22T15:09:35.047640,CRITICAL
SENSOR-2,SHIP-7767,-12.61,2026-02-22T15:09:37.130228,CRITICAL
SENSOR-7,SHIP-6437,-21.02,2026-02-22T15:09:39.202465,OK
SENSOR-5,SHIP-5960,-19.86,2026-02-22T15:09:41.273244,OK
SENSOR-10,SHIP-2470,-14.65,2026-02-22T15:09:43.339790,CRITICAL
SENSOR-5,SHIP-4243,-13.95,2026-02-22T15:09:45.395904,CRITICAL
SENSOR-3,SHIP-8525,-18.05,2026-02-22T15:09:47.480980,OK
SENSOR-7,SHIP-6260,-11.14,2026-02-22T15:09:49.542395,CRITICAL
SENSOR-4,SHIP-3766,-23.39,2026-02-22T15:09:51.663147,OK
SENSOR-5,SHIP-4856,-20.39,2026-02-22T15:09:53.725596,OK
SENSOR-9,SHIP-8581,-21.79,2026-02-22T15:09:55.781497,OK
SENSOR-7,SHIP-5336,-14.73,2026-02-22T15:09:57.861483,CRITICAL
SENSOR-4,SHIP-8371,-22.37,2026-02-22T15:09:59.944240,OK
SENSOR-6,SHIP-4846,-19.09,2026-02-22T15:10:02.033150,OK
SENSOR-4,SHIP-5645,-11.97,2026-02-22T15:10:04.126915,CRITICAL
SENSOR-4,SHIP-5165,-11.95,2026-02-22T15:10:06.207623,CRITICAL
SENSOR-4,SHIP-1860,-12.46,2026-02-22T15:10:08.291531,CRITICAL
SENSOR-3,SHIP-1789,-18.2,2026-02-22T15:10:10.378853,OK
SENSOR-1,SHIP-8298,-19.35,2026-02-22T15:10:12.447951,OK
SENSOR-2,SHIP-9306,-18.33,2026-02-22T15:10:14.519595,OK
SENSOR-2,SHIP-1044,-13.35,2026-02-22T15:10:16.597304,CRITICAL
SENSOR-4,SHIP-3632,-23.29,2026-02-22T15:10:18.697289,OK
SENSOR-7,SHIP-2862,-19.29,2026-02-22T15:10:20.784886,OK
SENSOR-9,SHIP-2187,-19.49,2026-02-22T15:10:22.853476,OK
SENSOR-8,SHIP-7764,-17.52,2026-02-22T15:10:24.929541,CRITICAL
SENSOR-9,SHIP-9814,-23.29,2026-02-22T15:10:27.016256,OK
SENSOR-8,SHIP-3822,-12.57,2026-02-22T15:10:29.090086,CRITICAL
SENSOR-3,SHIP-7574,-24.61,2026-02-22T15:10:31.207196,OK
SENSOR-4,SHIP-3297,-14.21,2026-02-22T15:10:33.272591,CRITICAL
SENSOR-8,SHIP-7338,-13.53,2026-02-22T15:10:35.333013,CRITICAL
SENSOR-4,SHIP-6027,-21.32,2026-02-22T15:10:37.401625,OK
SENSOR-9,SHIP-1372,-17.25,2026-02-22T15:10:39.466381,CRITICAL
SENSOR-9,SHIP-7686,-11.98,2026-02-22T15:10:41.514624,CRITICAL
SENSOR-5,SHIP-6593,-15.25,2026-02-22T15:10:43.563045,CRITICAL
SENSOR-6,SHIP-4596,-14.61,2026-02-22T15:10:45.609720,CRITICAL
SENSOR-2,SHIP-6100,-12.05,2026-02-22T15:10:47.688639,CRITICAL
SENSOR-6,SHIP-6108,-21.78,2026-02-22T15:10:49.762681,OK
SENSOR-8,SHIP-8523,-20.19,2026-02-22T15:10:51.852728,OK
SENSOR-2,SHIP-5371,-15.35,2026-02-22T15:10:53.929561,CRITICAL
SENSOR-5,SHIP-2716,-22.66,2026-02-22T15:10:55.998265,OK
SENSOR-10,SHIP-3568,-18.44,2026-02-22T15:10:58.060771,OK
SENSOR-9,SHIP-8597,-21.63,2026-02-22T15:11:00.127696,OK
SENSOR-2,SHIP-9321,-14.25,2026-02-22T15:11:02.189889,CRITICAL
SENSOR-1,SHIP-5064,-15.66,2026-02-22T15:11:04.272909,CRITICAL
SENSOR-2,SHIP-4649,-18.47,2026-02-22T15:11:06.785589,OK
SENSOR-5,SHIP-5499,-15.21,2026-02-22T15:11:08.839985,CRITICAL
SENSOR-7,SHIP-4248,-11.62,2026-02-22T15:11:10.929466,CRITICAL
SENSOR-1,SHIP-2751,-10.2,2026-02-22T15:11:13.011592,CRITICAL
SENSOR-9,SHIP-9585,-11.38,2026-02-22T15:11:15.071894,CRITICAL
SENSOR-5,SHIP-1383,-17.48,2026-02-22T15:11:17.152737,CRITICAL
SENSOR-10,SHIP-2969,-12.25,2026-02-22T15:11:19.245355,CRITICAL
SENSOR-4,SHIP-9173,-18.96,2026-02-22T15:11:21.334725,OK
SENSOR-8,SHIP-7806,-23.71,2026-02-22T15:11:23.410897,OK
SENSOR-3,SHIP-7487,-22.31,2026-02-22T15:11:25.492167,OK
SENSOR-6,SHIP-9068,-16.37,2026-02-22T15:11:27.569159,CRITICAL
SENSOR-10,SHIP-4084,-20.96,2026-02-22T15:11:29.634434,OK
SENSOR-8,SHIP-8428,-11.76,2026-02-22T15:11:31.708337,CRITICAL
SENSOR-8,SHIP-4656,-14.48,2026-02-22T15:11:33.783831,CRITICAL
SENSOR-4,SHIP-6729,-11.4,2026-02-22T15:11:35.851134,CRITICAL
SENSOR-2,SHIP-5120,-19.1,2026-02-22T15:11:37.926326,OK
SENSOR-6,SHIP-1870,-22.1,2026-02-22T15:11:39.987695,OK
SENSOR-6,SHIP-8533,-24.9,2026-02-22T15:11:42.081621,OK
SENSOR-9,SHIP-3865,-15.03,2026-02-22T15:11:44.159984,CRITICAL
SENSOR-3,SHIP-3535,-13.03,2026-02-22T15:11:46.249179,CRITICAL
SENSOR-8,SHIP-3628,-24.15,2026-02-22T15:11:48.312963,OK
SENSOR-2,SHIP-4166,-16.89,2026-02-22T15:11:50.387187,CRITICAL
SENSOR-9,SHIP-1422,-10.82,2026-02-22T15:11:52.481660,CRITICAL
SENSOR-9,SHIP-7415,-18.03,2026-02-22T15:11:54.558704,OK
SENSOR-3,SHIP-6797,-24.99,2026-02-22T15:11:56.638269,OK
SENSOR-8,SHIP-9618,-17.29,2026-02-22T15:11:58.712045,CRITICAL
SENSOR-5,SHIP-8251,-18.65,2026-02-22T15:12:00.772975,OK
SENSOR-5,SHIP-1960,-11.71,2026-02-22T15:12:02.830447,CRITICAL
SENSOR-8,SHIP-7215,-23.67,2026-02-22T15:12:04.904165,OK
SENSOR-7,SHIP-7886,-21.67,2026-02-22T15:12:07.007933,OK
SENSOR-9,SHIP-5433,-18.8,2026-02-22T15:12:09.074278,OK
SENSOR-4,SHIP-1302,-22.35,2026-02-22T15:12:11.150728,OK
SENSOR-5,SHIP-7830,-13.97,2026-02-22T15:12:13.198450,CRITICAL
SENSOR-6,SHIP-8334,-13.38,2026-02-22T15:12:15.280404,CRITICAL
SENSOR-2,SHIP-2799,-14.15,2026-02-22T15:12:17.354728,CRITICAL
SENSOR-4,SHIP-6399,-20.59,2026-02-22T15:12:19.431600,OK
SENSOR-3,SHIP-5039,-22.91,2026-02-22T15:12:21.494738,OK
SENSOR-5,SHIP-5421,-10.77,2026-02-22T15:12:23.617968,CRITICAL
SENSOR-10,SHIP-5733,-10.79,2026-02-22T15:12:25.683119,CRITICAL
SENSOR-10,SHIP-4096,-10.09,2026-02-22T15:12:27.749273,CRITICAL
SENSOR-8,SHIP-5789,-15.47,2026-02-22T15:12:29.808001,CRITICAL
SENSOR-9,SHIP-1424,-11.96,2026-02-22T15:12:31.924850,CRITICAL
SENSOR-9,SHIP-3039,-15.68,2026-02-22T15:12:34.013413,CRITICAL
SENSOR-2,SHIP-4684,-10.87,2026-02-22T15:12:36.086824,CRITICAL
SENSOR-6,SHIP-4286,-15.09,2026-02-22T15:12:38.187910,CRITICAL
SENSOR-9,SHIP-1310,-22.81,2026-02-22T15:12:40.252572,OK
SENSOR-10,SHIP-4248,-16.11,2026-02-22T15:12:42.309642,CRITICAL
SENSOR-8,SHIP-9467,-23.7,2026-02-22T15:12:44.388466,OK
SENSOR-4,SHIP-8065,-20.43,2026-02-22T15:12:46.463028,OK
SENSOR-7,SHIP-6189,-15.59,2026-02-22T15:12:48.536890,CRITICAL
SENSOR-10,SHIP-7133,-18.61,2026-02-22T15:12:50.598089,OK
SENSOR-5,SHIP-5029,-20.39,2026-02-22T15:12:52.683117,OK
SENSOR-3,SHIP-5966,-23.64,2026-02-22T15:12:54.778082,OK
SENSOR-10,SHIP-5324,-19.37,2026-02-22T15:12:56.845768,OK
SENSOR-4,SHIP-5178,-12.83,2026-02-22T15:12:58.912960,CRITICAL
SENSOR-5,SHIP-3867,-17.13,2026-02-22T15:13:00.993887,CRITICAL
SENSOR-10,SHIP-9110,-23.84,2026-02-22T15:13:03.051425,OK
SENSOR-6,SHIP-6477,-15.52,2026-02-22T15:13:05.124387,CRITICAL
SENSOR-6,SHIP-6814,-15.18,2026-02-22T15:13:07.201339,CRITICAL
SENSOR-9,SHIP-4032,-21.28,2026-02-22T15:13:09.292009,OK
SENSOR-7,SHIP-7966,-18.91,2026-02-22T15:13:11.361098,OK
SENSOR-9,SHIP-4474,-11.13,2026-02-22T15:13:13.429205,CRITICAL
SENSOR-10,SHIP-8759,-10.77,2026-02-22T15:13:15.488706,CRITICAL
SENSOR-10,SHIP-9877,-13.1,2026-02-22T15:13:17.568664,CRITICAL
SENSOR-8,SHIP-9059,-11.58,2026-02-22T15:13:19.647981,CRITICAL
SENSOR-3,SHIP-3239,-20.13,2026-02-22T15:13:21.688809,OK
SENSOR-10,SHIP-2765,-20.38,2026-02-22T15:13:23.779805,OK
SENSOR-1,SHIP-4775,-23.98,2026-02-22T15:13:25.874824,OK
SENSOR-1,SHIP-9212,-18.87,2026-02-22T15:13:27.946723,OK
SENSOR-9,SHIP-8412,-15.21,2026-02-22T15:13:30.031304,CRITICAL
SENSOR-1,SHIP-7229,-16.81,2026-02-22T15:13:32.131665,CRITICAL
SENSOR-5,SHIP-3563,-13.57,2026-02-22T15:13:34.186245,CRITICAL
SENSOR-7,SHIP-7191,-19.05,2026-02-22T15:13:36.254930,OK
SENSOR-3,SHIP-8546,-20.25,2026-02-22T15:13:38.334930,OK
SENSOR-3,SHIP-5193,-19.21,2026-02-22T15:13:40.415092,OK
SENSOR-1,SHIP-2244,-23.4,2026-02-22T15:13:42.488586,OK
SENSOR-8,SHIP-2833,-20.8,2026-02-22T15:13:44.556949,OK
SENSOR-8,SHIP-9653,-13.91,2026-02-22T15:13:46.627387,CRITICAL
SENSOR-1,SHIP-9421,-20.93,2026-02-22T15:13:48.690945,OK
SENSOR-8,SHIP-5368,-15.06,2026-02-22T15:13:50.777542,CRITICAL
SENSOR-10,SHIP-5561,-12.24,2026-02-22T15:13:52.831479,CRITICAL
SENSOR-8,SHIP-4423,-20.18,2026-02-22T15:13:54.900504,OK
SENSOR-10,SHIP-9268,-22.23,2026-02-22T15:13:57.533377,OK
SENSOR-1,SHIP-4193,-20.05,2026-02-22T15:13:59.607873,OK
SENSOR-8,SHIP-4141,-14.25,2026-02-22T15:14:01.707781,CRITICAL
SENSOR-8,SHIP-6895,-21.56,2026-02-22T15:14:03.790518,OK
SENSOR-2,SHIP-5797,-14.11,2026-02-22T15:14:05.864636,CRITICAL
SENSOR-1,SHIP-1107,-18.82,2026-02-22T15:14:07.936623,OK
SENSOR-7,SHIP-8625,-14.15,2026-02-22T15:14:10.019820,CRITICAL
SENSOR-5,SHIP-3574,-13.46,2026-02-22T15:14:12.148538,CRITICAL
SENSOR-10,SHIP-9199,-18.09,2026-02-22T15:14:14.212780,OK
SENSOR-3,SHIP-7903,-22.51,2026-02-22T15:14:16.287060,OK
SENSOR-10,SHIP-4135,-16.31,2026-02-22T15:14:18.361393,CRITICAL
SENSOR-5,SHIP-6166,-21.19,2026-02-22T15:14:20.439667,OK
SENSOR-6,SHIP-7907,-22.39,2026-02-22T15:14:22.525556,OK
SENSOR-8,SHIP-3722,-23.26,2026-02-22T15:14:24.622398,OK
SENSOR-9,SHIP-5196,-12.59,2026-02-22T15:14:26.703297,CRITICAL
SENSOR-1,SHIP-3187,-24.47,2026-02-22T15:14:28.772309,OK
SENSOR-4,SHIP-4075,-15.32,2026-02-22T15:14:30.854162,CRITICAL
SENSOR-3,SHIP-9007,-12.71,2026-02-22T15:14:32.951497,CRITICAL
SENSOR-6,SHIP-9792,-20.44,2026-02-22T15:14:35.019335,OK
SENSOR-4,SHIP-2879,-15.49,2026-02-22T15:14:37.088627,CRITICAL
SENSOR-5,SHIP-9709,-10.66,2026-02-22T15:14:39.151532,CRITICAL
SENSOR-2,SHIP-4230,-22.93,2026-02-22T15:14:41.198972,OK
SENSOR-4,SHIP-8907,-23.13,2026-02-22T15:14:43.272738,OK
SENSOR-4,SHIP-3058,-22.31,2026-02-22T15:14:45.338074,OK
SENSOR-8,SHIP-4322,-13.54,2026-02-22T15:14:47.417787,CRITICAL
SENSOR-2,SHIP-2523,-20.8,2026-02-22T15:14:49.496411,OK
SENSOR-8,SHIP-5162,-14.77,2026-02-22T15:14:51.580240,CRITICAL
SENSOR-9,SHIP-5420,-12.51,2026-02-22T15:14:53.666704,CRITICAL
SENSOR-5,SHIP-5197,-16.55,2026-02-22T15:14:55.712373,CRITICAL
SENSOR-5,SHIP-9672,-23.1,2026-02-22T15:14:57.772990,OK
SENSOR-9,SHIP-3122,-24.53,2026-02-22T15:14:59.843803,OK
SENSOR-8,SHIP-1267,-20.18,2026-02-22T15:15:01.928068,OK
SENSOR-2,SHIP-8925,-15.9,2026-02-22T15:15:03.993802,CRITICAL
SENSOR-7,SHIP-9481,-20.77,2026-02-22T15:15:06.078238,OK
SENSOR-10,SHIP-9015,-13.17,2026-02-22T15:15:08.139408,CRITICAL
SENSOR-7,SHIP-7891,-17.12,2026-02-22T15:15:10.207253,CRITICAL
SENSOR-3,SHIP-7853,-12.31,2026-02-22T15:15:12.258599,CRITICAL
SENSOR-9,SHIP-7550,-22.75,2026-02-22T15:15:14.348882,OK
SENSOR-2,SHIP-3964,-20.41,2026-02-22T15:15:16.431280,OK
SENSOR-1,SHIP-7072,-17.8,2026-02-22T15:15:18.506716,CRITICAL
SENSOR-9,SHIP-3235,-18.96,2026-02-22T15:15:20.569037,OK
SENSOR-7,SHIP-5238,-12.0,2026-02-22T15:15:22.635941,CRITICAL
SENSOR-5,SHIP-7529,-18.72,2026-02-22T15:15:24.719027,OK
SENSOR-2,SHIP-7497,-22.99,2026-02-22T15:15:26.802578,OK
SENSOR-5,SHIP-1907,-20.93,2026-02-22T15:15:28.853278,OK
SENSOR-1,SHIP-4339,-11.21,2026-02-22T15:15:30.937257,CRITICAL
SENSOR-6,SHIP-4227,-20.94,2026-02-22T15:15:33.015214,OK
SENSOR-3,SHIP-1988,-24.35,2026-02-22T15:15:35.077539,OK
SENSOR-3,SHIP-1154,-18.89,2026-02-22T15:15:37.130968,OK
SENSOR-6,SHIP-9327,-18.51,2026-02-22T15:15:39.188162,OK
SENSOR-4,SHIP-2138,-11.8,2026-02-22T15:15:41.242733,CRITICAL
SENSOR-3,SHIP-3628,-16.29,2026-02-22T15:15:43.310895,CRITICAL
SENSOR-3,SHIP-6931,-12.86,2026-02-22T15:15:45.395373,CRITICAL
SENSOR-3,SHIP-9973,-20.4,2026-02-22T15:15:47.475075,OK
SENSOR-6,SHIP-4440,-15.52,2026-02-22T15:15:49.538869,CRITICAL
SENSOR-6,SHIP-2035,-22.22,2026-02-22T15:15:51.625069,OK
SENSOR-9,SHIP-5444,-18.95,2026-02-22T15:15:53.703684,OK
SENSOR-1,SHIP-8175,-21.09,2026-02-22T15:15:55.789207,OK
SENSOR-4,SHIP-4847,-21.5,2026-02-22T15:15:57.841846,OK
SENSOR-5,SHIP-4474,-17.08,2026-02-22T15:15:59.908402,CRITICAL
SENSOR-4,SHIP-8204,-12.72,2026-02-22T15:16:01.983195,CRITICAL
SENSOR-6,SHIP-2844,-16.75,2026-02-22T15:16:04.061966,CRITICAL
SENSOR-4,SHIP-9236,-16.43,2026-02-22T15:16:06.153138,CRITICAL
SENSOR-10,SHIP-5656,-12.32,2026-02-22T15:16:08.214448,CRITICAL
SENSOR-5,SHIP-6948,-17.11,2026-02-22T15:16:10.274719,CRITICAL
SENSOR-3,SHIP-9505,-11.58,2026-02-22T15:16:12.387762,CRITICAL
SENSOR-10,SHIP-7179,-13.57,2026-02-22T15:16:14.447425,CRITICAL
SENSOR-2,SHIP-7781,-22.12,2026-02-22T15:16:16.520667,OK
SENSOR-2,SHIP-5595,-13.85,2026-02-22T15:16:18.586749,CRITICAL
SENSOR-5,SHIP-8162,-13.42,2026-02-22T15:16:20.672544,CRITICAL
SENSOR-9,SHIP-6098,-18.62,2026-02-22T15:16:22.762289,OK
SENSOR-6,SHIP-2386,-21.82,2026-02-22T15:16:24.830742,OK
SENSOR-6,SHIP-2516,-16.91,2026-02-22T15:16:26.913227,CRITICAL
SENSOR-5,SHIP-6811,-16.28,2026-02-22T15:16:28.961577,CRITICAL
SENSOR-8,SHIP-4713,-15.19,2026-02-22T15:16:31.015968,CRITICAL
SENSOR-2,SHIP-1608,-22.05,2026-02-22T15:16:33.096817,OK
SENSOR-3,SHIP-1794,-11.59,2026-02-22T15:16:35.175313,CRITICAL
SENSOR-9,SHIP-4428,-21.38,2026-02-22T15:16:37.264536,OK
SENSOR-2,SHIP-3481,-15.75,2026-02-22T15:16:39.330129,CRITICAL
SENSOR-9,SHIP-7821,-11.46,2026-02-22T15:16:41.379702,CRITICAL
SENSOR-5,SHIP-5258,-21.21,2026-02-22T15:16:43.427636,OK
SENSOR-7,SHIP-3936,-13.27,2026-02-22T15:16:45.520942,CRITICAL
SENSOR-6,SHIP-6153,-12.27,2026-02-22T15:16:47.595105,CRITICAL
SENSOR-4,SHIP-4487,-14.63,2026-02-22T15:16:49.688539,CRITICAL
SENSOR-8,SHIP-4190,-24.89,2026-02-22T15:16:51.776362,OK
SENSOR-4,SHIP-9758,-14.53,2026-02-22T15:16:53.858186,CRITICAL
SENSOR-2,SHIP-4476,-23.37,2026-02-22T15:16:55.946366,OK
SENSOR-10,SHIP-2077,-16.67,2026-02-22T15:16:58.040831,CRITICAL
SENSOR-8,SHIP-9913,-16.6,2026-02-22T15:17:00.089347,CRITICAL
SENSOR-9,SHIP-7136,-11.16,2026-02-22T15:17:02.160920,CRITICAL
SENSOR-3,SHIP-3092,-20.56,2026-02-22T15:17:04.203196,OK
SENSOR-10,SHIP-2180,-19.51,2026-02-22T15:17:06.266599,OK
SENSOR-6,SHIP-6428,-20.4,2026-02-22T15:17:08.362800,OK
SENSOR-6,SHIP-9284,-11.2,2026-02-22T15:17:10.482616,CRITICAL
SENSOR-2,SHIP-3229,-23.35,2026-02-22T15:17:13.251964,OK
SENSOR-6,SHIP-8439,-15.68,2026-02-22T15:17:15.297550,CRITICAL
SENSOR-2,SHIP-1253,-13.78,2026-02-22T15:17:17.369003,CRITICAL
SENSOR-2,SHIP-4797,-24.48,2026-02-22T15:17:19.437664,OK
SENSOR-9,SHIP-8662,-10.95,2026-02-22T15:17:21.502816,CRITICAL
SENSOR-4,SHIP-9517,-19.6,2026-02-22T15:17:23.575938,OK
SENSOR-6,SHIP-7881,-21.23,2026-02-22T15:17:25.633263,OK
SENSOR-7,SHIP-7579,-18.11,2026-02-22T15:17:27.726718,OK
SENSOR-4,SHIP-6864,-24.13,2026-02-22T15:17:29.814145,OK
SENSOR-7,SHIP-3491,-22.18,2026-02-22T15:17:31.870373,OK
SENSOR-5,SHIP-8249,-21.04,2026-02-22T15:17:33.924362,OK
SENSOR-9,SHIP-3641,-24.35,2026-02-22T15:17:35.973688,OK
SENSOR-3,SHIP-4534,-16.75,2026-02-22T15:17:38.089629,CRITICAL
SENSOR-4,SHIP-7221,-24.31,2026-02-22T15:17:40.181023,OK
SENSOR-10,SHIP-7446,-22.24,2026-02-22T15:17:42.261641,OK
SENSOR-2,SHIP-3615,-11.67,2026-02-22T15:17:44.327555,CRITICAL
SENSOR-9,SHIP-5243,-18.74,2026-02-22T15:17:46.402659,OK
SENSOR-3,SHIP-8488,-12.9,2026-02-22T15:17:48.456184,CRITICAL
SENSOR-4,SHIP-3730,-10.66,2026-02-22T15:17:50.551556,CRITICAL
SENSOR-6,SHIP-1223,-18.29,2026-02-22T15:17:52.627488,OK
SENSOR-3,SHIP-6027,-22.65,2026-02-22T15:17:54.683349,OK
SENSOR-4,SHIP-2687,-20.5,2026-02-22T15:17:56.763051,OK
SENSOR-4,SHIP-9691,-18.48,2026-02-22T15:17:58.817093,OK
SENSOR-3,SHIP-6198,-22.8,2026-02-22T15:18:00.914898,OK
SENSOR-1,SHIP-7469,-19.59,2026-02-22T15:18:02.997321,OK
SENSOR-1,SHIP-3058,-24.2,2026-02-22T15:18:05.079392,OK
SENSOR-1,SHIP-4741,-11.58,2026-02-22T15:18:07.145082,CRITICAL
SENSOR-4,SHIP-4009,-16.6,2026-02-22T15:18:09.200683,CRITICAL
SENSOR-1,SHIP-8644,-11.01,2026-02-22T15:18:11.278138,CRITICAL
SENSOR-1,SHIP-4410,-22.86,2026-02-22T15:18:13.344172,OK
SENSOR-9,SHIP-2756,-18.64,2026-02-22T15:18:15.423166,OK
SENSOR-3,SHIP-2529,-10.44,2026-02-22T15:18:17.495532,CRITICAL
SENSOR-2,SHIP-5232,-22.21,2026-02-22T15:18:19.563114,OK
SENSOR-3,SHIP-6978,-22.89,2026-02-22T15:18:21.636977,OK
SENSOR-6,SHIP-9939,-21.08,2026-02-22T15:18:23.736177,OK
SENSOR-6,SHIP-7543,-14.07,2026-02-22T15:18:25.806813,CRITICAL
SENSOR-1,SHIP-3976,-24.02,2026-02-22T15:18:27.918388,OK
SENSOR-1,SHIP-8791,-10.42,2026-02-22T15:18:29.997567,CRITICAL
SENSOR-8,SHIP-9153,-12.84,2026-02-22T15:18:32.088669,CRITICAL
SENSOR-4,SHIP-8556,-18.07,2026-02-22T15:18:34.166241,OK
SENSOR-7,SHIP-8448,-10.58,2026-02-22T15:18:36.231945,CRITICAL
SENSOR-1,SHIP-2971,-19.15,2026-02-22T15:18:38.320645,OK
SENSOR-5,SHIP-8403,-15.05,2026-02-22T15:18:40.396322,CRITICAL
SENSOR-5,SHIP-5181,-14.97,2026-02-22T15:18:42.452502,CRITICAL
SENSOR-1,SHIP-4567,-18.71,2026-02-22T15:18:44.508406,OK
SENSOR-3,SHIP-2723,-13.39,2026-02-22T15:18:46.560308,CRITICAL
SENSOR-9,SHIP-4355,-11.6,2026-02-22T15:18:48.647461,CRITICAL
SENSOR-4,SHIP-7051,-11.82,2026-02-22T15:18:50.713095,CRITICAL
SENSOR-1,SHIP-2870,-21.19,2026-02-22T15:18:52.812606,OK
SENSOR-6,SHIP-9339,-16.95,2026-02-22T15:18:54.906509,CRITICAL
SENSOR-8,SHIP-9219,-19.61,2026-02-22T15:18:56.980155,OK
SENSOR-3,SHIP-4271,-10.39,2026-02-22T15:18:59.047535,CRITICAL
SENSOR-8,SHIP-7890,-18.03,2026-02-22T15:19:01.109482,OK
SENSOR-5,SHIP-1188,-18.5,2026-02-22T15:19:03.186975,OK
SENSOR-4,SHIP-5185,-18.95,2026-02-22T15:19:05.249637,OK
SENSOR-2,SHIP-5170,-22.18,2026-02-22T15:19:07.328570,OK
SENSOR-10,SHIP-3944,-23.72,2026-02-22T15:19:09.410370,OK
SENSOR-10,SHIP-6840,-16.53,2026-02-22T15:19:11.487941,CRITICAL
SENSOR-9,SHIP-3433,-12.51,2026-02-22T15:19:13.550860,CRITICAL
SENSOR-9,SHIP-4812,-11.3,2026-02-22T15:19:15.617441,CRITICAL
SENSOR-7,SHIP-8627,-13.25,2026-02-22T15:19:17.686075,CRITICAL
SENSOR-10,SHIP-2616,-19.29,2026-02-22T15:19:19.777986,OK
SENSOR-10,SHIP-4042,-12.05,2026-02-22T15:19:21.841888,CRITICAL
SENSOR-8,SHIP-7456,-22.83,2026-02-22T15:19:23.915002,OK
SENSOR-1,SHIP-4802,-14.47,2026-02-22T15:19:25.989790,CRITICAL
SENSOR-9,SHIP-7561,-22.32,2026-02-22T15:19:28.053510,OK
SENSOR-9,SHIP-6571,-21.72,2026-02-22T15:19:30.127100,OK
SENSOR-9,SHIP-1010,-21.22,2026-02-22T15:19:32.231633,OK
SENSOR-5,SHIP-4502,-11.8,2026-02-22T15:19:34.299937,CRITICAL
SENSOR-2,SHIP-6134,-20.36,2026-02-22T15:19:36.372764,OK
SENSOR-5,SHIP-9292,-24.98,2026-02-22T15:19:38.465690,OK
SENSOR-2,SHIP-9801,-23.39,2026-02-22T15:19:40.548978,OK
SENSOR-4,SHIP-2544,-12.31,2026-02-22T15:19:42.614264,CRITICAL
SENSOR-10,SHIP-8200,-14.79,2026-02-22T15:19:44.680014,CRITICAL
SENSOR-4,SHIP-2155,-12.36,2026-02-22T15:19:46.746652,CRITICAL
SENSOR-5,SHIP-7181,-13.97,2026-02-22T15:19:48.825455,CRITICAL
SENSOR-5,SHIP-2938,-11.15,2026-02-22T15:19:50.878166,CRITICAL
SENSOR-9,SHIP-9255,-21.22,2026-02-22T15:19:52.944076,OK
SENSOR-10,SHIP-2083,-19.5,2026-02-22T15:19:55.017436,OK
SENSOR-4,SHIP-9527,-17.46,2026-02-22T15:19:57.082972,CRITICAL
SENSOR-3,SHIP-6694,-24.6,2026-02-22T15:19:59.164981,OK
SENSOR-9,SHIP-8523,-13.63,2026-02-22T15:20:01.233876,CRITICAL
SENSOR-4,SHIP-7063,-21.01,2026-02-22T15:20:03.320846,OK
SENSOR-7,SHIP-2475,-24.04,2026-02-22T15:20:05.388782,OK
SENSOR-3,SHIP-1249,-17.27,2026-02-22T15:20:07.474857,CRITICAL
SENSOR-9,SHIP-7459,-11.52,2026-02-22T15:20:09.558472,CRITICAL
SENSOR-4,SHIP-2298,-11.56,2026-02-22T15:20:11.627065,CRITICAL
SENSOR-6,SHIP-4083,-10.19,2026-02-22T15:20:13.696421,CRITICAL
SENSOR-10,SHIP-1171,-20.71,2026-02-22T15:20:15.772832,OK
SENSOR-8,SHIP-7889,-12.65,2026-02-22T15:20:17.847277,CRITICAL
SENSOR-10,SHIP-8948,-12.96,2026-02-22T15:20:19.896018,CRITICAL
SENSOR-6,SHIP-1174,-19.43,2026-02-22T15:20:21.944721,OK
SENSOR-4,SHIP-3009,-10.92,2026-02-22T15:20:23.994537,CRITICAL
SENSOR-10,SHIP-2451,-21.65,2026-02-22T15:20:26.078086,OK
SENSOR-6,SHIP-1111,-15.99,2026-02-22T15:20:28.164255,CRITICAL
SENSOR-9,SHIP-7017,-21.43,2026-02-22T15:20:30.236057,OK
SENSOR-4,SHIP-2365,-11.6,2026-02-22T15:20:32.352122,CRITICAL
SENSOR-3,SHIP-9258,-14.4,2026-02-22T15:20:34.435589,CRITICAL
SENSOR-2,SHIP-7927,-10.47,2026-02-22T15:20:36.510900,CRITICAL
SENSOR-6,SHIP-7157,-13.49,2026-02-22T15:20:38.582627,CRITICAL
SENSOR-4,SHIP-4603,-22.88,2026-02-22T15:20:40.652172,OK
SENSOR-2,SHIP-3556,-23.72,2026-02-22T15:20:42.721675,OK
SENSOR-9,SHIP-6463,-15.11,2026-02-22T15:20:44.782467,CRITICAL
SENSOR-7,SHIP-3914,-20.13,2026-02-22T15:20:46.834172,OK
SENSOR-7,SHIP-1352,-11.33,2026-02-22T15:20:48.913063,CRITICAL
SENSOR-9,SHIP-8849,-22.95,2026-02-22T15:20:50.989823,OK
SENSOR-6,SHIP-5494,-18.89,2026-02-22T15:20:53.063574,OK
SENSOR-10,SHIP-3914,-19.27,2026-02-22T15:20:55.128893,OK
SENSOR-7,SHIP-2743,-10.04,2026-02-22T15:20:57.284513,CRITICAL
SENSOR-4,SHIP-6014,-11.58,2026-02-22T15:20:59.354731,CRITICAL
SENSOR-4,SHIP-1482,-12.89,2026-02-22T15:21:01.439861,CRITICAL
SENSOR-8,SHIP-8987,-14.09,2026-02-22T15:21:03.524341,CRITICAL
SENSOR-5,SHIP-8718,-10.48,2026-02-22T15:21:05.594163,CRITICAL
SENSOR-6,SHIP-2556,-16.22,2026-02-22T15:21:07.674027,CRITICAL
SENSOR-1,SHIP-5306,-18.37,2026-02-22T15:21:09.722085,OK
SENSOR-8,SHIP-3063,-23.04,2026-02-22T15:21:11.792831,OK
SENSOR-9,SHIP-7809,-18.75,2026-02-22T15:21:13.866956,OK
SENSOR-10,SHIP-5874,-23.87,2026-02-22T15:21:15.941668,OK
SENSOR-1,SHIP-6208,-17.7,2026-02-22T15:21:18.030987,CRITICAL
SENSOR-7,SHIP-8399,-24.33,2026-02-22T15:21:20.104111,OK
SENSOR-9,SHIP-8725,-12.14,2026-02-22T15:21:22.217452,CRITICAL
SENSOR-4,SHIP-2603,-12.62,2026-02-22T15:21:24.291552,CRITICAL
SENSOR-2,SHIP-6188,-21.09,2026-02-22T15:21:26.355472,OK
SENSOR-8,SHIP-6376,-12.08,2026-02-22T15:21:28.426588,CRITICAL
SENSOR-10,SHIP-8912,-23.57,2026-02-22T15:21:30.488265,OK
SENSOR-6,SHIP-8709,-16.34,2026-02-22T15:21:32.588817,CRITICAL
SENSOR-9,SHIP-5000,-10.4,2026-02-22T15:21:34.673957,CRITICAL
SENSOR-2,SHIP-4471,-12.31,2026-02-22T15:21:36.740541,CRITICAL
SENSOR-8,SHIP-1877,-21.33,2026-02-22T15:21:38.820172,OK
SENSOR-9,SHIP-4771,-14.65,2026-02-22T15:21:40.892486,CRITICAL
SENSOR-6,SHIP-8045,-12.56,2026-02-22T15:21:42.965913,CRITICAL
SENSOR-3,SHIP-6004,-14.14,2026-02-22T15:21:45.046995,CRITICAL
SENSOR-9,SHIP-4842,-24.01,2026-02-22T15:21:47.137119,OK
SENSOR-6,SHIP-1050,-12.15,2026-02-22T15:21:50.114001,CRITICAL
SENSOR-3,SHIP-5773,-22.7,2026-02-22T15:21:52.196780,OK
SENSOR-3,SHIP-3793,-24.69,2026-02-22T15:21:54.263090,OK
SENSOR-6,SHIP-6200,-10.46,2026-02-22T15:21:56.328800,CRITICAL
SENSOR-8,SHIP-6514,-10.53,2026-02-22T15:21:58.403951,CRITICAL
SENSOR-8,SHIP-3613,-19.42,2026-02-22T15:22:00.490860,OK
SENSOR-6,SHIP-7278,-21.18,2026-02-22T15:22:02.560573,OK
SENSOR-8,SHIP-6610,-21.76,2026-02-22T15:22:04.618628,OK
SENSOR-10,SHIP-2488,-24.27,2026-02-22T15:22:06.696792,OK
SENSOR-8,SHIP-6336,-17.43,2026-02-22T15:22:08.802624,CRITICAL
SENSOR-6,SHIP-4258,-15.67,2026-02-22T15:22:10.865091,CRITICAL
SENSOR-7,SHIP-8849,-11.19,2026-02-22T15:22:12.944864,CRITICAL
SENSOR-7,SHIP-9830,-12.5,2026-02-22T15:22:15.040407,CRITICAL
SENSOR-7,SHIP-5539,-17.1,2026-02-22T15:22:17.097917,CRITICAL
SENSOR-3,SHIP-3757,-17.74,2026-02-22T15:22:19.164077,CRITICAL
SENSOR-2,SHIP-6604,-22.92,2026-02-22T15:22:21.249809,OK
SENSOR-5,SHIP-8571,-17.81,2026-02-22T15:22:23.334799,CRITICAL
SENSOR-10,SHIP-1335,-16.54,2026-02-22T15:22:25.397909,CRITICAL
SENSOR-1,SHIP-4019,-23.32,2026-02-22T15:22:27.446956,OK
SENSOR-7,SHIP-3710,-21.89,2026-02-22T15:22:29.499120,OK
SENSOR-8,SHIP-7118,-18.42,2026-02-22T15:22:31.573455,OK
SENSOR-4,SHIP-9349,-17.03,2026-02-22T15:22:33.619117,CRITICAL
SENSOR-2,SHIP-1764,-22.26,2026-02-22T15:22:35.743838,OK
SENSOR-2,SHIP-9546,-18.51,2026-02-22T15:22:37.805248,OK
SENSOR-7,SHIP-8983,-12.41,2026-02-22T15:22:39.891251,CRITICAL
SENSOR-3,SHIP-9906,-12.99,2026-02-22T15:22:41.972998,CRITICAL
SENSOR-8,SHIP-5276,-20.97,2026-02-22T15:22:44.046336,OK
SENSOR-4,SHIP-1462,-23.04,2026-02-22T15:22:46.149007,OK
SENSOR-9,SHIP-5392,-20.9,2026-02-22T15:22:48.216231,OK
SENSOR-1,SHIP-3243,-17.54,2026-02-22T15:22:50.285023,CRITICAL
SENSOR-3,SHIP-2148,-24.82,2026-02-22T15:22:52.394358,OK
SENSOR-8,SHIP-1939,-17.4,2026-02-22T15:22:54.501943,CRITICAL
SENSOR-6,SHIP-8011,-11.4,2026-02-22T15:22:56.556495,CRITICAL
SENSOR-6,SHIP-9774,-16.83,2026-02-22T15:22:58.628934,CRITICAL
SENSOR-3,SHIP-1268,-15.59,2026-02-22T15:23:00.723889,CRITICAL
SENSOR-4,SHIP-6942,-11.49,2026-02-22T15:23:02.796764,CRITICAL
SENSOR-5,SHIP-7169,-20.17,2026-02-22T15:23:04.891041,OK
SENSOR-7,SHIP-4346,-20.86,2026-02-22T15:23:06.962858,OK
SENSOR-2,SHIP-2574,-14.38,2026-02-22T15:23:09.029119,CRITICAL
SENSOR-8,SHIP-7956,-11.04,2026-02-22T15:23:11.085901,CRITICAL
SENSOR-4,SHIP-2542,-22.8,2026-02-22T15:23:13.150326,OK
SENSOR-9,SHIP-1075,-11.43,2026-02-22T15:23:15.224678,CRITICAL
SENSOR-6,SHIP-7067,-23.49,2026-02-22T15:23:17.286909,OK
SENSOR-9,SHIP-3945,-13.19,2026-02-22T15:23:19.374319,CRITICAL
SENSOR-9,SHIP-3495,-21.74,2026-02-22T15:23:21.453474,OK
SENSOR-9,SHIP-9071,-16.95,2026-02-22T15:23:23.539371,CRITICAL
SENSOR-7,SHIP-9836,-23.66,2026-02-22T15:23:25.646695,OK
SENSOR-9,SHIP-5968,-19.34,2026-02-22T15:23:27.719036,OK
SENSOR-9,SHIP-5397,-19.88,2026-02-22T15:23:29.821718,OK
SENSOR-9,SHIP-4303,-16.61,2026-02-22T15:23:31.881368,CRITICAL
SENSOR-9,SHIP-2705,-23.82,2026-02-22T15:23:33.952771,OK
SENSOR-4,SHIP-7227,-12.46,2026-02-22T15:23:36.024035,CRITICAL
SENSOR-1,SHIP-8914,-22.85,2026-02-22T15:23:38.077725,OK
SENSOR-1,SHIP-7138,-22.62,2026-02-22T15:23:40.149753,OK
SENSOR-3,SHIP-4599,-24.42,2026-02-22T15:23:42.207077,OK
SENSOR-5,SHIP-6604,-12.42,2026-02-22T15:23:44.268836,CRITICAL
SENSOR-5,SHIP-7616,-19.96,2026-02-22T15:23:46.323904,OK
SENSOR-5,SHIP-1505,-20.16,2026-02-22T15:23:48.380210,OK
SENSOR-7,SHIP-2099,-20.09,2026-02-22T15:23:50.435374,OK
SENSOR-1,SHIP-6644,-17.28,2026-02-22T15:23:52.511258,CRITICAL
SENSOR-3,SHIP-5544,-17.16,2026-02-22T15:23:54.637169,CRITICAL
SENSOR-2,SHIP-2683,-19.35,2026-02-22T15:23:56.706564,OK
SENSOR-5,SHIP-5779,-11.15,2026-02-22T15:23:58.775463,CRITICAL
SENSOR-4,SHIP-9601,-23.47,2026-02-22T15:24:00.848117,OK
SENSOR-10,SHIP-8254,-22.25,2026-02-22T15:24:02.909474,OK
SENSOR-1,SHIP-6937,-20.19,2026-02-22T15:24:04.974954,OK
SENSOR-7,SHIP-6848,-13.06,2026-02-22T15:24:07.041417,CRITICAL
SENSOR-3,SHIP-1819,-17.31,2026-02-22T15:24:09.110568,CRITICAL
SENSOR-7,SHIP-2236,-23.64,2026-02-22T15:24:11.170181,OK
SENSOR-5,SHIP-3551,-23.02,2026-02-22T15:24:13.224901,OK
SENSOR-6,SHIP-4594,-13.0,2026-02-22T15:24:15.275540,CRITICAL
SENSOR-9,SHIP-5431,-21.29,2026-02-22T15:24:17.331147,OK
SENSOR-5,SHIP-6028,-20.91,2026-02-22T15:24:19.411350,OK
SENSOR-4,SHIP-6768,-11.95,2026-02-22T15:24:21.484198,CRITICAL
SENSOR-7,SHIP-2477,-22.76,2026-02-22T15:24:23.556148,OK
SENSOR-4,SHIP-5039,-23.44,2026-02-22T15:24:25.616915,OK
SENSOR-8,SHIP-1190,-18.06,2026-02-22T15:24:27.667445,OK
SENSOR-8,SHIP-6699,-22.27,2026-02-22T15:24:29.728552,OK
SENSOR-6,SHIP-8025,-23.82,2026-02-22T15:24:31.789631,OK
SENSOR-10,SHIP-9318,-17.06,2026-02-22T15:24:33.848056,CRITICAL
SENSOR-8,SHIP-5129,-10.85,2026-02-22T15:24:35.913790,CRITICAL
SENSOR-4,SHIP-5824,-23.95,2026-02-22T15:24:37.990763,OK
SENSOR-6,SHIP-9470,-21.14,2026-02-22T15:24:40.084821,OK
SENSOR-9,SHIP-2639,-22.76,2026-02-22T15:24:42.151286,OK
SENSOR-9,SHIP-9945,-22.1,2026-02-22T15:24:44.225018,OK
SENSOR-10,SHIP-1123,-21.49,2026-02-22T15:24:46.288017,OK
SENSOR-8,SHIP-6826,-21.23,2026-02-22T15:24:48.350427,OK
SENSOR-9,SHIP-4583,-18.78,2026-02-22T15:24:50.396503,OK
SENSOR-6,SHIP-3261,-17.14,2026-02-22T15:24:52.494912,CRITICAL
SENSOR-7,SHIP-9791,-16.96,2026-02-22T15:24:54.556996,CRITICAL
SENSOR-7,SHIP-1142,-23.98,2026-02-22T15:24:56.636237,OK
SENSOR-8,SHIP-7751,-18.06,2026-02-22T15:24:58.719519,OK
SENSOR-9,SHIP-6385,-15.14,2026-02-22T15:25:00.776583,CRITICAL
SENSOR-5,SHIP-1587,-11.5,2026-02-22T15:25:02.845189,CRITICAL
SENSOR-6,SHIP-9398,-13.27,2026-02-22T15:25:04.922733,CRITICAL
SENSOR-8,SHIP-8951,-10.48,2026-02-22T15:25:06.998010,CRITICAL
SENSOR-7,SHIP-2321,-10.63,2026-02-22T15:25:09.091166,CRITICAL
SENSOR-10,SHIP-8121,-11.46,2026-02-22T15:25:11.175436,CRITICAL
SENSOR-3,SHIP-1651,-13.16,2026-02-22T15:25:13.224491,CRITICAL
SENSOR-9,SHIP-5991,-13.82,2026-02-22T15:25:15.300182,CRITICAL
SENSOR-5,SHIP-1492,-21.48,2026-02-22T15:25:17.356589,OK
SENSOR-2,SHIP-4335,-21.42,2026-02-22T15:25:19.416329,OK
SENSOR-2,SHIP-6023,-10.2,2026-02-22T15:25:21.477841,CRITICAL
SENSOR-3,SHIP-7186,-14.49,2026-02-22T15:25:23.533189,CRITICAL
SENSOR-6,SHIP-8266,-20.64,2026-02-22T15:25:25.597935,OK
SENSOR-2,SHIP-7122,-20.13,2026-02-22T15:25:27.663667,OK
SENSOR-1,SHIP-3914,-11.0,2026-02-22T15:25:29.710615,CRITICAL
SENSOR-8,SHIP-6821,-10.55,2026-02-22T15:25:31.771729,CRITICAL
SENSOR-5,SHIP-9952,-15.87,2026-02-22T15:25:33.848432,CRITICAL
SENSOR-6,SHIP-1501,-24.29,2026-02-22T15:25:35.906501,OK
SENSOR-9,SHIP-2779,-15.19,2026-02-22T15:25:37.988664,CRITICAL
SENSOR-6,SHIP-8356,-20.92,2026-02-22T15:25:40.056673,OK
SENSOR-2,SHIP-7934,-14.31,2026-02-22T15:25:42.105509,CRITICAL
SENSOR-10,SHIP-7872,-23.48,2026-02-22T15:25:44.189831,OK
SENSOR-4,SHIP-3926,-17.3,2026-02-22T15:25:46.254550,CRITICAL
SENSOR-7,SHIP-5876,-14.14,2026-02-22T15:25:48.331609,CRITICAL
SENSOR-2,SHIP-4150,-24.08,2026-02-22T15:25:50.392966,OK
SENSOR-3,SHIP-9965,-21.82,2026-02-22T15:25:52.473911,OK
SENSOR-6,SHIP-1947,-14.55,2026-02-22T15:25:54.546710,CRITICAL
SENSOR-7,SHIP-2694,-19.64,2026-02-22T15:25:56.610731,OK
SENSOR-9,SHIP-6844,-24.77,2026-02-22T15:25:58.733216,OK
SENSOR-7,SHIP-8938,-15.81,2026-02-22T15:26:00.805539,CRITICAL
SENSOR-8,SHIP-9108,-11.67,2026-02-22T15:26:02.859585,CRITICAL
SENSOR-6,SHIP-1181,-24.74,2026-02-22T15:26:04.949590,OK
SENSOR-10,SHIP-4767,-17.66,2026-02-22T15:26:07.024017,CRITICAL
SENSOR-1,SHIP-2551,-13.63,2026-02-22T15:26:09.102052,CRITICAL
SENSOR-10,SHIP-8204,-16.92,2026-02-22T15:26:11.168251,CRITICAL
SENSOR-6,SHIP-5792,-18.42,2026-02-22T15:26:13.233579,OK
SENSOR-6,SHIP-6604,-16.8,2026-02-22T15:26:15.307205,CRITICAL
SENSOR-5,SHIP-7415,-13.12,2026-02-22T15:26:17.383278,CRITICAL
SENSOR-4,SHIP-7375,-21.6,2026-02-22T15:26:19.436034,OK
SENSOR-1,SHIP-2227,-23.94,2026-02-22T15:26:21.530644,OK
SENSOR-2,SHIP-1167,-21.33,2026-02-22T15:26:23.646601,OK
SENSOR-1,SHIP-3354,-15.47,2026-02-22T15:26:26.701466,CRITICAL
SENSOR-6,SHIP-2471,-16.38,2026-02-22T15:26:28.770272,CRITICAL
SENSOR-4,SHIP-5183,-17.48,2026-02-22T15:26:30.835150,CRITICAL
SENSOR-1,SHIP-1190,-20.21,2026-02-22T15:26:32.900558,OK
SENSOR-7,SHIP-9620,-21.2,2026-02-22T15:26:34.969786,OK
SENSOR-6,SHIP-8854,-11.79,2026-02-22T15:26:37.027221,CRITICAL
SENSOR-8,SHIP-6255,-22.88,2026-02-22T15:26:39.073009,OK
SENSOR-6,SHIP-3556,-21.58,2026-02-22T15:26:41.124775,OK
SENSOR-3,SHIP-3402,-12.83,2026-02-22T15:26:43.196783,CRITICAL
SENSOR-10,SHIP-8195,-10.96,2026-02-22T15:26:45.265065,CRITICAL
SENSOR-5,SHIP-5296,-15.91,2026-02-22T15:26:47.332004,CRITICAL
SENSOR-7,SHIP-3105,-13.31,2026-02-22T15:26:49.412481,CRITICAL
SENSOR-8,SHIP-3161,-22.51,2026-02-22T15:26:51.504218,OK
SENSOR-8,SHIP-6631,-11.31,2026-02-22T15:26:53.588255,CRITICAL
SENSOR-1,SHIP-2202,-13.77,2026-02-22T15:26:55.668189,CRITICAL
SENSOR-1,SHIP-1787,-24.42,2026-02-22T15:26:57.738127,OK
SENSOR-9,SHIP-5479,-14.13,2026-02-22T15:26:59.807377,CRITICAL
SENSOR-1,SHIP-9855,-15.21,2026-02-22T15:27:01.888699,CRITICAL
SENSOR-1,SHIP-9078,-19.96,2026-02-22T15:27:03.940296,OK
SENSOR-2,SHIP-3636,-16.36,2026-02-22T15:27:06.001967,CRITICAL
SENSOR-6,SHIP-3781,-16.82,2026-02-22T15:27:08.071857,CRITICAL
SENSOR-8,SHIP-4561,-18.95,2026-02-22T15:27:10.127641,OK
SENSOR-2,SHIP-4456,-10.3,2026-02-22T15:27:12.207540,CRITICAL
SENSOR-8,SHIP-5922,-19.73,2026-02-22T15:27:14.294207,OK
SENSOR-5,SHIP-4315,-20.83,2026-02-22T15:27:16.381244,OK
SENSOR-5,SHIP-6912,-13.0,2026-02-22T15:27:18.440648,CRITICAL
SENSOR-7,SHIP-5113,-22.12,2026-02-22T15:27:20.491108,OK
SENSOR-3,SHIP-8968,-21.19,2026-02-22T15:27:22.576142,OK
SENSOR-10,SHIP-6923,-24.12,2026-02-22T15:27:24.629490,OK
SENSOR-2,SHIP-3939,-24.96,2026-02-22T15:27:26.692506,OK
SENSOR-6,SHIP-4683,-12.34,2026-02-22T15:27:28.728947,CRITICAL
SENSOR-9,SHIP-7012,-15.74,2026-02-22T15:27:30.783723,CRITICAL
SENSOR-5,SHIP-2634,-14.56,2026-02-22T15:27:32.882406,CRITICAL
SENSOR-8,SHIP-9258,-19.92,2026-02-22T15:27:34.953364,OK
SENSOR-2,SHIP-5203,-19.2,2026-02-22T15:27:37.004844,OK
SENSOR-3,SHIP-9528,-22.66,2026-02-22T15:27:39.054450,OK
SENSOR-9,SHIP-6232,-23.41,2026-02-22T15:27:41.140730,OK
SENSOR-5,SHIP-8222,-12.44,2026-02-22T15:27:43.221815,CRITICAL
SENSOR-10,SHIP-6784,-14.99,2026-02-22T15:27:45.273672,CRITICAL
SENSOR-3,SHIP-6574,-20.45,2026-02-22T15:27:47.326638,OK
SENSOR-4,SHIP-2820,-24.82,2026-02-22T15:27:49.368532,OK
SENSOR-1,SHIP-2942,-12.35,2026-02-22T15:27:51.410311,CRITICAL
SENSOR-5,SHIP-2860,-17.88,2026-02-22T15:27:53.468606,CRITICAL
SENSOR-2,SHIP-5576,-24.52,2026-02-22T15:27:55.526021,OK
SENSOR-7,SHIP-8823,-14.06,2026-02-22T15:27:57.580482,CRITICAL
SENSOR-7,SHIP-7519,-22.74,2026-02-22T15:27:59.657044,OK
SENSOR-6,SHIP-3622,-10.08,2026-02-22T15:28:01.744225,CRITICAL
SENSOR-1,SHIP-1640,-22.94,2026-02-22T15:28:03.899211,OK
SENSOR-3,SHIP-6820,-11.83,2026-02-22T15:28:05.952944,CRITICAL
SENSOR-1,SHIP-2616,-14.31,2026-02-22T15:28:08.003788,CRITICAL
SENSOR-6,SHIP-5950,-10.36,2026-02-22T15:28:10.056515,CRITICAL
SENSOR-5,SHIP-4753,-13.55,2026-02-22T15:28:12.126275,CRITICAL
SENSOR-10,SHIP-2439,-19.65,2026-02-22T15:28:14.206433,OK
SENSOR-2,SHIP-9040,-14.39,2026-02-22T15:28:16.261912,CRITICAL
SENSOR-10,SHIP-8433,-17.15,2026-02-22T15:28:18.320952,CRITICAL
SENSOR-3,SHIP-2573,-21.61,2026-02-22T15:28:20.371688,OK
SENSOR-7,SHIP-2919,-21.36,2026-02-22T15:28:22.425827,OK
SENSOR-1,SHIP-5541,-10.5,2026-02-22T15:28:24.487891,CRITICAL
SENSOR-7,SHIP-9204,-17.74,2026-02-22T15:28:26.549481,CRITICAL
SENSOR-7,SHIP-8236,-24.49,2026-02-22T15:28:28.636237,OK
SENSOR-2,SHIP-9402,-15.25,2026-02-22T15:28:30.694643,CRITICAL
SENSOR-5,SHIP-5545,-13.57,2026-02-22T15:28:32.761967,CRITICAL
SENSOR-9,SHIP-7733,-15.41,2026-02-22T15:28:34.816941,CRITICAL
SENSOR-9,SHIP-4039,-10.19,2026-02-22T15:28:36.882604,CRITICAL
SENSOR-5,SHIP-9548,-10.39,2026-02-22T15:28:38.959801,CRITICAL
SENSOR-7,SHIP-1922,-18.94,2026-02-22T15:28:41.043066,OK
SENSOR-10,SHIP-6545,-10.14,2026-02-22T15:28:43.106072,CRITICAL
SENSOR-1,SHIP-2386,-10.97,2026-02-22T15:28:45.194304,CRITICAL
SENSOR-10,SHIP-6574,-12.3,2026-02-22T15:28:47.252538,CRITICAL
SENSOR-1,SHIP-2918,-22.87,2026-02-22T15:28:49.311903,OK
SENSOR-9,SHIP-4843,-14.63,2026-02-22T15:28:51.382879,CRITICAL
SENSOR-9,SHIP-7244,-18.79,2026-02-22T15:28:53.487012,OK
SENSOR-9,SHIP-2030,-20.87,2026-02-22T15:28:55.565702,OK
SENSOR-9,SHIP-8580,-10.96,2026-02-22T15:28:57.627798,CRITICAL
SENSOR-6,SHIP-7306,-20.79,2026-02-22T15:28:59.683068,OK
SENSOR-8,SHIP-5886,-13.08,2026-02-22T15:29:01.743891,CRITICAL
SENSOR-3,SHIP-3865,-18.08,2026-02-22T15:29:03.815684,OK
SENSOR-4,SHIP-5953,-15.02,2026-02-22T15:29:05.875307,CRITICAL
SENSOR-4,SHIP-5615,-11.39,2026-02-22T15:29:07.932594,CRITICAL
SENSOR-9,SHIP-7883,-22.21,2026-02-22T15:29:09.981689,OK
SENSOR-1,SHIP-5937,-19.52,2026-02-22T15:29:12.033590,OK
SENSOR-1,SHIP-3266,-14.07,2026-02-22T15:29:14.097231,CRITICAL
SENSOR-1,SHIP-7597,-14.43,2026-02-22T15:29:16.155644,CRITICAL
SENSOR-5,SHIP-6724,-18.72,2026-02-22T15:29:18.242428,OK
SENSOR-7,SHIP-9332,-20.32,2026-02-22T15:29:20.321739,OK
SENSOR-6,SHIP-5979,-24.54,2026-02-22T15:29:22.392255,OK
SENSOR-3,SHIP-6164,-19.58,2026-02-22T15:29:24.444454,OK
SENSOR-10,SHIP-3556,-10.72,2026-02-22T15:29:26.491520,CRITICAL
SENSOR-4,SHIP-1307,-20.12,2026-02-22T15:29:28.562123,OK
SENSOR-6,SHIP-6722,-22.91,2026-02-22T15:29:30.632345,OK
SENSOR-5,SHIP-4558,-20.96,2026-02-22T15:29:32.722510,OK
SENSOR-9,SHIP-4971,-11.86,2026-02-22T15:29:34.797353,CRITICAL
SENSOR-2,SHIP-3537,-23.14,2026-02-22T15:29:36.858661,OK
SENSOR-7,SHIP-7522,-13.66,2026-02-22T15:29:38.917380,CRITICAL
SENSOR-5,SHIP-9842,-12.51,2026-02-22T15:29:40.987674,CRITICAL
SENSOR-4,SHIP-1366,-15.78,2026-02-22T15:29:43.062691,CRITICAL
SENSOR-1,SHIP-4120,-10.45,2026-02-22T15:29:45.146151,CRITICAL
SENSOR-8,SHIP-2202,-14.55,2026-02-22T15:29:47.233791,CRITICAL
SENSOR-7,SHIP-4707,-24.19,2026-02-22T15:29:49.325300,OK
SENSOR-2,SHIP-7603,-14.11,2026-02-22T15:29:51.394737,CRITICAL
SENSOR-4,SHIP-3390,-10.27,2026-02-22T15:29:53.465323,CRITICAL
SENSOR-8,SHIP-4874,-13.27,2026-02-22T15:29:55.536486,CRITICAL
SENSOR-6,SHIP-8017,-15.93,2026-02-22T15:29:57.611872,CRITICAL
SENSOR-2,SHIP-8583,-21.17,2026-02-22T15:29:59.679631,OK
SENSOR-10,SHIP-6837,-21.09,2026-02-22T15:30:01.749324,OK
SENSOR-3,SHIP-4780,-18.5,2026-02-22T15:30:03.813685,OK
SENSOR-9,SHIP-7650,-16.24,2026-02-22T15:30:05.868874,CRITICAL
SENSOR-3,SHIP-6833,-13.5,2026-02-22T15:30:07.962847,CRITICAL
SENSOR-4,SHIP-5399,-17.88,2026-02-22T15:30:10.053500,CRITICAL
SENSOR-1,SHIP-7202,-14.15,2026-02-22T15:30:12.099881,CRITICAL
SENSOR-2,SHIP-1007,-11.09,2026-02-22T15:30:14.148625,CRITICAL
SENSOR-6,SHIP-8588,-12.28,2026-02-22T15:30:16.212669,CRITICAL
SENSOR-7,SHIP-7986,-23.2,2026-02-22T15:30:18.290228,OK
SENSOR-2,SHIP-4495,-23.84,2026-02-22T15:30:20.360429,OK
SENSOR-2,SHIP-6620,-24.17,2026-02-22T15:30:22.426640,OK
SENSOR-7,SHIP-4133,-22.36,2026-02-22T15:30:24.487282,OK
SENSOR-1,SHIP-9399,-17.83,2026-02-22T15:30:26.561728,CRITICAL
SENSOR-6,SHIP-5428,-12.63,2026-02-22T15:30:28.625058,CRITICAL
SENSOR-2,SHIP-1260,-22.28,2026-02-22T15:30:30.701511,OK
SENSOR-8,SHIP-3343,-22.51,2026-02-22T15:30:32.826074,OK
SENSOR-9,SHIP-6858,-10.57,2026-02-22T15:30:34.877889,CRITICAL
SENSOR-5,SHIP-7472,-10.4,2026-02-22T15:30:36.936207,CRITICAL
SENSOR-4,SHIP-6205,-12.59,2026-02-22T15:30:39.015933,CRITICAL
SENSOR-6,SHIP-3509,-18.81,2026-02-22T15:30:41.065847,OK
SENSOR-8,SHIP-4255,-17.01,2026-02-22T15:30:43.117046,CRITICAL
SENSOR-4,SHIP-3392,-20.24,2026-02-22T15:30:45.170523,OK
SENSOR-9,SHIP-2850,-17.54,2026-02-22T15:30:47.230763,CRITICAL
SENSOR-3,SHIP-6582,-23.68,2026-02-22T15:30:49.299211,OK
SENSOR-2,SHIP-8975,-15.94,2026-02-22T15:30:51.377122,CRITICAL
SENSOR-8,SHIP-8349,-24.13,2026-02-22T15:30:53.428695,OK
SENSOR-10,SHIP-8403,-23.04,2026-02-22T15:30:55.494262,OK
SENSOR-4,SHIP-3792,-17.64,2026-02-22T15:30:57.568850,CRITICAL
SENSOR-5,SHIP-5001,-21.06,2026-02-22T15:31:00.708966,OK
SENSOR-3,SHIP-6770,-22.09,2026-02-22T15:31:02.779943,OK
SENSOR-5,SHIP-2527,-20.13,2026-02-22T15:31:04.850833,OK
SENSOR-4,SHIP-3588,-13.21,2026-02-22T15:31:06.924239,CRITICAL
SENSOR-9,SHIP-4794,-23.84,2026-02-22T15:31:08.970550,OK
SENSOR-5,SHIP-6178,-21.68,2026-02-22T15:31:11.051471,OK
SENSOR-9,SHIP-8122,-20.2,2026-02-22T15:31:13.120128,OK
SENSOR-7,SHIP-2473,-12.51,2026-02-22T15:31:15.178627,CRITICAL
SENSOR-8,SHIP-9256,-20.33,2026-02-22T15:31:17.243115,OK
SENSOR-2,SHIP-6972,-17.52,2026-02-22T15:31:19.301995,CRITICAL
SENSOR-5,SHIP-9743,-21.35,2026-02-22T15:31:21.371737,OK
SENSOR-8,SHIP-8991,-23.06,2026-02-22T15:31:23.441485,OK
SENSOR-7,SHIP-9832,-17.18,2026-02-22T15:31:25.534969,CRITICAL
SENSOR-7,SHIP-4359,-17.47,2026-02-22T15:31:27.601559,CRITICAL
SENSOR-3,SHIP-5089,-22.28,2026-02-22T15:31:29.659694,OK
SENSOR-2,SHIP-5997,-12.96,2026-02-22T15:31:31.746146,CRITICAL
SENSOR-1,SHIP-1291,-18.33,2026-02-22T15:31:33.816350,OK
SENSOR-4,SHIP-7163,-17.59,2026-02-22T15:31:35.891574,CRITICAL
SENSOR-7,SHIP-2454,-24.14,2026-02-22T15:31:37.957187,OK
SENSOR-9,SHIP-6001,-13.67,2026-02-22T15:31:40.037790,CRITICAL
SENSOR-9,SHIP-8408,-20.13,2026-02-22T15:31:42.110131,OK
SENSOR-1,SHIP-6764,-18.42,2026-02-22T15:31:44.159639,OK
SENSOR-10,SHIP-7167,-17.21,2026-02-22T15:31:46.235313,CRITICAL
SENSOR-7,SHIP-4583,-19.75,2026-02-22T15:31:48.304738,OK
SENSOR-5,SHIP-6384,-24.07,2026-02-22T15:31:50.399364,OK
SENSOR-6,SHIP-3428,-11.8,2026-02-22T15:31:52.457186,CRITICAL
SENSOR-2,SHIP-7953,-11.46,2026-02-22T15:31:54.514634,CRITICAL
SENSOR-4,SHIP-9110,-17.49,2026-02-22T15:31:56.585684,CRITICAL
SENSOR-10,SHIP-5740,-11.7,2026-02-22T15:31:58.648506,CRITICAL
SENSOR-6,SHIP-5862,-17.21,2026-02-22T15:32:00.701087,CRITICAL
SENSOR-6,SHIP-2810,-23.17,2026-02-22T15:32:02.836884,OK
SENSOR-6,SHIP-7519,-14.86,2026-02-22T15:32:04.909649,CRITICAL
SENSOR-9,SHIP-6355,-11.63,2026-02-22T15:32:06.975709,CRITICAL
SENSOR-5,SHIP-3942,-12.52,2026-02-22T15:32:09.056782,CRITICAL
SENSOR-10,SHIP-1922,-18.14,2026-02-22T15:32:11.120260,OK
SENSOR-2,SHIP-3801,-24.06,2026-02-22T15:32:13.190906,OK
SENSOR-8,SHIP-6679,-19.12,2026-02-22T15:32:15.280524,OK
SENSOR-2,SHIP-9231,-17.75,2026-02-22T15:32:17.353228,CRITICAL
SENSOR-8,SHIP-9056,-24.58,2026-02-22T15:32:19.425430,OK
SENSOR-8,SHIP-1782,-11.69,2026-02-22T15:32:21.488344,CRITICAL
SENSOR-1,SHIP-2646,-20.09,2026-02-22T15:32:23.574635,OK
SENSOR-9,SHIP-8408,-17.89,2026-02-22T15:32:25.634724,CRITICAL
SENSOR-9,SHIP-8293,-11.61,2026-02-22T15:32:27.745424,CRITICAL
SENSOR-2,SHIP-2529,-21.66,2026-02-22T15:32:29.799386,OK
SENSOR-10,SHIP-3708,-19.45,2026-02-22T15:32:31.856905,OK
SENSOR-9,SHIP-9977,-20.5,2026-02-22T15:32:33.940248,OK
SENSOR-1,SHIP-7972,-19.27,2026-02-22T15:32:36.053172,OK
SENSOR-2,SHIP-3236,-17.46,2026-02-22T15:32:38.119362,CRITICAL
SENSOR-5,SHIP-8692,-12.86,2026-02-22T15:32:40.237553,CRITICAL
SENSOR-3,SHIP-1033,-23.54,2026-02-22T15:32:42.304467,OK
SENSOR-7,SHIP-7921,-16.62,2026-02-22T15:32:44.384414,CRITICAL
SENSOR-2,SHIP-4437,-10.32,2026-02-22T15:32:46.444685,CRITICAL
SENSOR-9,SHIP-7530,-16.41,2026-02-22T15:32:48.500333,CRITICAL
SENSOR-10,SHIP-3647,-15.55,2026-02-22T15:32:50.572713,CRITICAL
SENSOR-1,SHIP-9344,-17.56,2026-02-22T15:32:52.642867,CRITICAL
SENSOR-3,SHIP-1753,-16.45,2026-02-22T15:32:54.693809,CRITICAL
SENSOR-3,SHIP-4613,-22.52,2026-02-22T15:32:56.736469,OK
SENSOR-6,SHIP-1038,-22.9,2026-02-22T15:32:58.774628,OK
SENSOR-6,SHIP-4297,-13.46,2026-02-22T15:33:00.830006,CRITICAL
SENSOR-7,SHIP-6683,-17.98,2026-02-22T15:33:02.949543,CRITICAL
SENSOR-7,SHIP-6515,-13.56,2026-02-22T15:33:05.019416,CRITICAL
SENSOR-4,SHIP-9062,-17.07,2026-02-22T15:33:07.088888,CRITICAL
SENSOR-4,SHIP-4937,-21.89,2026-02-22T15:33:09.169534,OK
SENSOR-4,SHIP-5530,-19.12,2026-02-22T15:33:11.235612,OK
SENSOR-2,SHIP-1088,-14.58,2026-02-22T15:33:13.285234,CRITICAL
SENSOR-2,SHIP-1491,-17.29,2026-02-22T15:33:15.360613,CRITICAL
SENSOR-1,SHIP-7146,-20.18,2026-02-22T15:33:17.422107,OK
SENSOR-2,SHIP-9385,-21.38,2026-02-22T15:33:19.487230,OK
SENSOR-7,SHIP-2595,-20.31,2026-02-22T15:33:21.587721,OK
SENSOR-5,SHIP-4623,-22.48,2026-02-22T15:33:23.648978,OK
SENSOR-7,SHIP-3304,-19.27,2026-02-22T15:33:25.712922,OK
SENSOR-5,SHIP-8354,-21.19,2026-02-22T15:33:27.803783,OK
SENSOR-8,SHIP-7608,-15.03,2026-02-22T15:33:29.855005,CRITICAL
SENSOR-4,SHIP-4218,-14.69,2026-02-22T15:33:31.913620,CRITICAL
SENSOR-7,SHIP-6270,-22.32,2026-02-22T15:33:33.988935,OK
SENSOR-8,SHIP-5445,-20.91,2026-02-22T15:33:36.117652,OK
SENSOR-8,SHIP-2983,-14.16,2026-02-22T15:33:38.167511,CRITICAL
SENSOR-4,SHIP-9400,-17.02,2026-02-22T15:33:40.217500,CRITICAL
SENSOR-7,SHIP-2737,-15.09,2026-02-22T15:33:42.270194,CRITICAL
SENSOR-9,SHIP-2127,-12.99,2026-02-22T15:33:44.324713,CRITICAL
SENSOR-6,SHIP-1283,-19.64,2026-02-22T15:33:46.393379,OK
SENSOR-3,SHIP-8716,-21.61,2026-02-22T15:33:48.453175,OK
SENSOR-4,SHIP-4322,-20.04,2026-02-22T15:33:50.523858,OK
SENSOR-3,SHIP-9342,-20.09,2026-02-22T15:33:52.637236,OK
SENSOR-3,SHIP-6808,-11.21,2026-02-22T15:33:54.689226,CRITICAL
SENSOR-9,SHIP-9324,-15.08,2026-02-22T15:33:56.767774,CRITICAL
SENSOR-5,SHIP-6074,-23.29,2026-02-22T15:33:58.825743,OK
SENSOR-10,SHIP-4277,-15.0,2026-02-22T15:34:00.896520,CRITICAL
SENSOR-6,SHIP-8731,-12.6,2026-02-22T15:34:02.966366,CRITICAL
SENSOR-10,SHIP-4653,-19.48,2026-02-22T15:34:05.065910,OK
SENSOR-1,SHIP-3532,-20.76,2026-02-22T15:34:07.142744,OK
SENSOR-10,SHIP-5428,-12.01,2026-02-22T15:34:09.228304,CRITICAL
SENSOR-1,SHIP-8772,-12.54,2026-02-22T15:34:11.306383,CRITICAL
SENSOR-10,SHIP-2739,-19.95,2026-02-22T15:34:13.370674,OK
SENSOR-6,SHIP-8634,-15.51,2026-02-22T15:34:15.438839,CRITICAL
SENSOR-4,SHIP-6626,-17.01,2026-02-22T15:34:17.553792,CRITICAL
SENSOR-3,SHIP-6088,-17.45,2026-02-22T15:34:19.641506,CRITICAL
SENSOR-7,SHIP-4430,-11.32,2026-02-22T15:34:21.701377,CRITICAL
SENSOR-2,SHIP-1206,-19.05,2026-02-22T15:34:23.842596,OK
SENSOR-5,SHIP-1354,-23.92,2026-02-22T15:34:25.911493,OK
SENSOR-9,SHIP-6714,-23.8,2026-02-22T15:34:27.969608,OK
SENSOR-1,SHIP-5216,-20.09,2026-02-22T15:34:30.029271,OK
SENSOR-7,SHIP-9777,-21.9,2026-02-22T15:34:32.094795,OK
SENSOR-7,SHIP-1738,-13.81,2026-02-22T15:34:34.146971,CRITICAL
SENSOR-3,SHIP-3261,-17.91,2026-02-22T15:34:36.204617,CRITICAL
SENSOR-9,SHIP-3732,-20.76,2026-02-22T15:34:38.263792,OK
SENSOR-7,SHIP-5518,-10.82,2026-02-22T15:34:40.307941,CRITICAL
SENSOR-8,SHIP-1001,-21.06,2026-02-22T15:34:42.401523,OK
SENSOR-10,SHIP-5440,-16.97,2026-02-22T15:34:44.476720,CRITICAL
SENSOR-1,SHIP-5727,-12.82,2026-02-22T15:34:46.523863,CRITICAL
SENSOR-9,SHIP-3417,-13.88,2026-02-22T15:34:48.591923,CRITICAL
SENSOR-3,SHIP-1640,-22.79,2026-02-22T15:34:50.655043,OK
SENSOR-1,SHIP-1167,-20.34,2026-02-22T15:34:52.729366,OK
SENSOR-5,SHIP-3534,-13.87,2026-02-22T15:34:54.802007,CRITICAL
SENSOR-7,SHIP-7058,-10.92,2026-02-22T15:34:56.869033,CRITICAL
SENSOR-6,SHIP-1266,-10.69,2026-02-22T15:34:58.936133,CRITICAL
SENSOR-6,SHIP-9909,-11.59,2026-02-22T15:35:01.031360,CRITICAL
SENSOR-2,SHIP-6957,-11.51,2026-02-22T15:35:03.123499,CRITICAL
SENSOR-9,SHIP-1178,-21.5,2026-02-22T15:35:05.191402,OK
SENSOR-1,SHIP-3430,-18.3,2026-02-22T15:35:07.298963,OK
SENSOR-5,SHIP-7414,-15.53,2026-02-22T15:35:09.383917,CRITICAL
SENSOR-8,SHIP-6805,-24.03,2026-02-22T15:35:11.460096,OK
SENSOR-3,SHIP-7684,-21.31,2026-02-22T15:35:13.547556,OK
SENSOR-7,SHIP-9079,-17.86,2026-02-22T15:35:15.610919,CRITICAL
SENSOR-10,SHIP-3284,-23.12,2026-02-22T15:35:17.685623,OK
SENSOR-6,SHIP-1126,-12.35,2026-02-22T15:35:19.764604,CRITICAL
SENSOR-10,SHIP-4820,-18.03,2026-02-22T15:35:21.856660,OK
SENSOR-2,SHIP-7298,-14.89,2026-02-22T15:35:23.950771,CRITICAL
SENSOR-9,SHIP-7060,-10.87,2026-02-22T15:35:26.008172,CRITICAL
SENSOR-5,SHIP-4795,-16.72,2026-02-22T15:35:28.056921,CRITICAL
SENSOR-3,SHIP-3608,-14.74,2026-02-22T15:35:30.114410,CRITICAL
SENSOR-10,SHIP-9756,-24.93,2026-02-22T15:35:32.194197,OK
SENSOR-5,SHIP-8722,-10.07,2026-02-22T15:35:35.527523,CRITICAL
SENSOR-8,SHIP-8488,-19.54,2026-02-22T15:35:37.570455,OK
SENSOR-9,SHIP-8822,-15.75,2026-02-22T15:35:39.618180,CRITICAL
SENSOR-2,SHIP-6881,-13.2,2026-02-22T15:35:41.683814,CRITICAL
SENSOR-5,SHIP-4454,-22.88,2026-02-22T15:35:43.748711,OK
SENSOR-9,SHIP-6393,-13.82,2026-02-22T15:35:45.821774,CRITICAL
SENSOR-4,SHIP-9636,-24.74,2026-02-22T15:35:47.888058,OK
SENSOR-10,SHIP-6763,-18.92,2026-02-22T15:35:49.936918,OK
SENSOR-2,SHIP-5280,-15.42,2026-02-22T15:35:51.991922,CRITICAL
SENSOR-1,SHIP-8382,-20.22,2026-02-22T15:35:54.042264,OK
SENSOR-4,SHIP-4802,-17.07,2026-02-22T15:35:56.115910,CRITICAL
SENSOR-5,SHIP-8582,-15.25,2026-02-22T15:35:58.188564,CRITICAL
SENSOR-8,SHIP-5773,-24.53,2026-02-22T15:36:00.292639,OK
SENSOR-6,SHIP-6114,-19.69,2026-02-22T15:36:02.384701,OK
SENSOR-9,SHIP-9582,-18.31,2026-02-22T15:36:04.452920,OK
SENSOR-1,SHIP-5480,-11.83,2026-02-22T15:36:06.510990,CRITICAL
SENSOR-1,SHIP-8932,-17.86,2026-02-22T15:36:08.565960,CRITICAL
SENSOR-5,SHIP-4897,-24.24,2026-02-22T15:36:10.649668,OK
SENSOR-6,SHIP-1893,-11.1,2026-02-22T15:36:12.716579,CRITICAL
SENSOR-8,SHIP-3962,-17.71,2026-02-22T15:36:14.782369,CRITICAL
SENSOR-5,SHIP-7188,-22.98,2026-02-22T15:36:16.866605,OK
SENSOR-7,SHIP-9540,-20.02,2026-02-22T15:36:18.938518,OK
SENSOR-2,SHIP-3996,-10.51,2026-02-22T15:36:21.005124,CRITICAL
SENSOR-3,SHIP-8815,-24.12,2026-02-22T15:36:23.096029,OK
SENSOR-8,SHIP-5566,-21.86,2026-02-22T15:36:25.190554,OK
SENSOR-10,SHIP-6590,-17.42,2026-02-22T15:36:27.259955,CRITICAL
SENSOR-1,SHIP-4861,-12.92,2026-02-22T15:36:29.326265,CRITICAL
SENSOR-8,SHIP-1846,-21.7,2026-02-22T15:36:31.397723,OK
SENSOR-10,SHIP-9695,-22.99,2026-02-22T15:36:33.454660,OK
SENSOR-10,SHIP-9513,-18.97,2026-02-22T15:36:35.506909,OK
SENSOR-7,SHIP-9642,-10.4,2026-02-22T15:36:37.576649,CRITICAL
SENSOR-7,SHIP-1559,-18.81,2026-02-22T15:36:39.627210,OK
SENSOR-8,SHIP-7868,-13.83,2026-02-22T15:36:41.682803,CRITICAL
SENSOR-5,SHIP-3028,-22.29,2026-02-22T15:36:43.765783,OK
SENSOR-7,SHIP-9777,-10.36,2026-02-22T15:36:45.837031,CRITICAL
SENSOR-9,SHIP-7811,-20.09,2026-02-22T15:36:47.890633,OK
SENSOR-9,SHIP-6223,-12.5,2026-02-22T15:36:49.983907,CRITICAL
SENSOR-5,SHIP-1596,-17.72,2026-02-22T15:36:52.049921,CRITICAL
SENSOR-8,SHIP-1845,-12.48,2026-02-22T15:36:54.123233,CRITICAL
SENSOR-10,SHIP-9739,-16.42,2026-02-22T15:36:56.172230,CRITICAL
SENSOR-7,SHIP-3205,-10.09,2026-02-22T15:36:58.245817,CRITICAL
SENSOR-10,SHIP-1474,-24.32,2026-02-22T15:37:00.314787,OK
SENSOR-6,SHIP-8377,-16.61,2026-02-22T15:37:02.381349,CRITICAL
SENSOR-6,SHIP-3825,-10.15,2026-02-22T15:37:04.459357,CRITICAL
SENSOR-3,SHIP-8650,-18.98,2026-02-22T15:37:06.530105,OK
SENSOR-6,SHIP-5474,-13.26,2026-02-22T15:37:08.599786,CRITICAL
SENSOR-8,SHIP-1951,-10.31,2026-02-22T15:37:10.683191,CRITICAL
SENSOR-7,SHIP-8140,-24.88,2026-02-22T15:37:12.740853,OK
SENSOR-3,SHIP-5073,-24.81,2026-02-22T15:37:14.832610,OK
SENSOR-7,SHIP-4674,-18.17,2026-02-22T15:37:16.902864,OK
SENSOR-4,SHIP-2287,-17.29,2026-02-22T15:37:18.970514,CRITICAL
SENSOR-7,SHIP-7509,-23.81,2026-02-22T15:37:21.042593,OK
SENSOR-5,SHIP-8998,-23.76,2026-02-22T15:37:23.157860,OK
SENSOR-3,SHIP-5815,-12.81,2026-02-22T15:37:25.217665,CRITICAL
SENSOR-7,SHIP-8670,-16.42,2026-02-22T15:37:27.286509,CRITICAL
SENSOR-2,SHIP-3164,-22.64,2026-02-22T15:37:29.339972,OK
SENSOR-5,SHIP-1612,-24.37,2026-02-22T15:37:31.407643,OK
SENSOR-4,SHIP-4114,-18.49,2026-02-22T15:37:33.471965,OK
SENSOR-10,SHIP-4707,-21.7,2026-02-22T15:37:35.566514,OK
SENSOR-6,SHIP-7812,-19.47,2026-02-22T15:37:37.619748,OK
SENSOR-1,SHIP-7513,-10.46,2026-02-22T15:37:39.707214,CRITICAL
SENSOR-6,SHIP-8405,-12.3,2026-02-22T15:37:41.767622,CRITICAL
SENSOR-5,SHIP-1498,-10.87,2026-02-22T15:37:43.840522,CRITICAL
SENSOR-4,SHIP-5198,-11.55,2026-02-22T15:37:45.915347,CRITICAL
SENSOR-1,SHIP-1764,-13.98,2026-02-22T15:37:47.966964,CRITICAL
SENSOR-4,SHIP-7788,-22.76,2026-02-22T15:37:50.034482,OK
SENSOR-3,SHIP-3207,-19.24,2026-02-22T15:37:52.107998,OK
SENSOR-7,SHIP-8329,-10.56,2026-02-22T15:37:54.154613,CRITICAL
SENSOR-2,SHIP-4992,-13.23,2026-02-22T15:37:56.225817,CRITICAL
SENSOR-10,SHIP-4428,-13.93,2026-02-22T15:37:58.289792,CRITICAL
SENSOR-3,SHIP-8416,-11.69,2026-02-22T15:38:00.359142,CRITICAL
SENSOR-3,SHIP-7866,-24.92,2026-02-22T15:38:02.449666,OK
SENSOR-6,SHIP-2068,-13.72,2026-02-22T15:38:04.554780,CRITICAL
SENSOR-8,SHIP-9176,-20.53,2026-02-22T15:38:06.650046,OK
SENSOR-5,SHIP-7777,-14.97,2026-02-22T15:38:08.720598,CRITICAL
SENSOR-4,SHIP-3496,-23.35,2026-02-22T15:38:10.777538,OK
SENSOR-1,SHIP-5360,-12.04,2026-02-22T15:38:12.844620,CRITICAL
SENSOR-1,SHIP-9792,-23.08,2026-02-22T15:38:14.903150,OK
SENSOR-7,SHIP-2310,-10.86,2026-02-22T15:38:16.985821,CRITICAL
SENSOR-3,SHIP-8015,-11.03,2026-02-22T15:38:19.070787,CRITICAL
SENSOR-6,SHIP-6088,-23.15,2026-02-22T15:38:21.127720,OK
SENSOR-4,SHIP-6657,-24.74,2026-02-22T15:38:23.201353,OK
SENSOR-3,SHIP-6036,-11.5,2026-02-22T15:38:25.290474,CRITICAL
SENSOR-2,SHIP-1895,-17.55,2026-02-22T15:38:27.365111,CRITICAL
SENSOR-9,SHIP-7657,-13.61,2026-02-22T15:38:29.458849,CRITICAL
SENSOR-9,SHIP-9318,-12.27,2026-02-22T15:38:31.536855,CRITICAL
SENSOR-8,SHIP-3334,-14.7,2026-02-22T15:38:33.606897,CRITICAL
SENSOR-3,SHIP-1737,-23.67,2026-02-22T15:38:35.672830,OK
SENSOR-2,SHIP-2188,-12.15,2026-02-22T15:38:37.757748,CRITICAL
SENSOR-9,SHIP-7536,-16.49,2026-02-22T15:38:39.818529,CRITICAL
SENSOR-1,SHIP-2387,-12.99,2026-02-22T15:38:41.893555,CRITICAL
SENSOR-3,SHIP-9135,-24.76,2026-02-22T15:38:43.958509,OK
SENSOR-1,SHIP-3698,-14.92,2026-02-22T15:38:46.032519,CRITICAL
SENSOR-8,SHIP-2426,-17.64,2026-02-22T15:38:48.119064,CRITICAL
SENSOR-3,SHIP-1820,-12.46,2026-02-22T15:38:50.209585,CRITICAL
SENSOR-3,SHIP-8924,-13.5,2026-02-22T15:38:52.289557,CRITICAL
SENSOR-4,SHIP-4816,-10.76,2026-02-22T15:38:54.417836,CRITICAL
SENSOR-8,SHIP-7746,-13.29,2026-02-22T15:38:56.474245,CRITICAL
SENSOR-6,SHIP-2282,-21.17,2026-02-22T15:38:58.532736,OK
SENSOR-5,SHIP-9734,-13.51,2026-02-22T15:39:00.574504,CRITICAL
SENSOR-7,SHIP-3085,-17.16,2026-02-22T15:39:02.636887,CRITICAL
SENSOR-7,SHIP-7119,-18.17,2026-02-22T15:39:04.701824,OK
SENSOR-8,SHIP-3665,-14.55,2026-02-22T15:39:06.759521,CRITICAL
SENSOR-1,SHIP-7067,-10.29,2026-02-22T15:39:08.827741,CRITICAL
SENSOR-6,SHIP-2731,-12.78,2026-02-22T15:39:10.892943,CRITICAL
SENSOR-2,SHIP-3299,-19.01,2026-02-22T15:39:12.961462,OK
SENSOR-3,SHIP-3231,-19.28,2026-02-22T15:39:15.011203,OK
SENSOR-8,SHIP-3446,-20.01,2026-02-22T15:39:17.068324,OK
SENSOR-1,SHIP-5148,-14.66,2026-02-22T15:39:19.156167,CRITICAL
SENSOR-7,SHIP-2397,-20.96,2026-02-22T15:39:21.223075,OK
SENSOR-1,SHIP-4012,-11.18,2026-02-22T15:39:23.297445,CRITICAL
SENSOR-7,SHIP-4991,-13.94,2026-02-22T15:39:25.347206,CRITICAL
SENSOR-3,SHIP-7194,-23.5,2026-02-22T15:39:27.412800,OK
SENSOR-6,SHIP-4242,-23.71,2026-02-22T15:39:29.475283,OK
SENSOR-6,SHIP-2504,-19.37,2026-02-22T15:39:31.520126,OK
SENSOR-3,SHIP-3403,-17.11,2026-02-22T15:39:33.565462,CRITICAL
SENSOR-9,SHIP-5887,-13.5,2026-02-22T15:39:35.615050,CRITICAL
SENSOR-5,SHIP-6307,-13.05,2026-02-22T15:39:37.656947,CRITICAL
SENSOR-2,SHIP-1989,-17.25,2026-02-22T15:39:39.700357,CRITICAL
SENSOR-10,SHIP-8218,-17.21,2026-02-22T15:39:41.755137,CRITICAL
SENSOR-8,SHIP-9910,-20.35,2026-02-22T15:39:43.791999,OK
SENSOR-10,SHIP-9193,-22.48,2026-02-22T15:39:45.826144,OK
SENSOR-7,SHIP-7532,-10.31,2026-02-22T15:39:47.910829,CRITICAL
SENSOR-4,SHIP-5400,-12.43,2026-02-22T15:39:49.967009,CRITICAL
SENSOR-9,SHIP-4258,-13.95,2026-02-22T15:39:52.062307,CRITICAL
SENSOR-5,SHIP-7360,-19.66,2026-02-22T15:39:54.159990,OK
SENSOR-8,SHIP-6706,-18.37,2026-02-22T15:39:56.236506,OK
SENSOR-5,SHIP-4270,-18.38,2026-02-22T15:39:58.309170,OK
SENSOR-10,SHIP-5650,-12.86,2026-02-22T15:40:00.392398,CRITICAL
SENSOR-5,SHIP-4027,-20.5,2026-02-22T15:40:02.444027,OK
SENSOR-3,SHIP-4357,-15.16,2026-02-22T15:40:04.534488,CRITICAL
SENSOR-3,SHIP-9801,-14.69,2026-02-22T15:40:06.596971,CRITICAL
SENSOR-3,SHIP-1560,-12.68,2026-02-22T15:40:09.394594,CRITICAL
SENSOR-3,SHIP-4272,-15.94,2026-02-22T15:40:11.476835,CRITICAL
SENSOR-2,SHIP-7375,-15.44,2026-02-22T15:40:13.538770,CRITICAL
SENSOR-1,SHIP-3764,-18.34,2026-02-22T15:40:15.604226,OK
SENSOR-5,SHIP-7691,-17.61,2026-02-22T15:40:17.682089,CRITICAL
SENSOR-3,SHIP-9978,-15.36,2026-02-22T15:40:19.749062,CRITICAL
SENSOR-6,SHIP-5418,-22.57,2026-02-22T15:40:21.834396,OK
SENSOR-9,SHIP-2804,-18.18,2026-02-22T15:40:23.977205,OK
SENSOR-2,SHIP-4354,-12.61,2026-02-22T15:40:26.057827,CRITICAL
SENSOR-6,SHIP-8455,-23.25,2026-02-22T15:40:28.135862,OK
SENSOR-4,SHIP-9346,-11.93,2026-02-22T15:40:30.190391,CRITICAL
SENSOR-8,SHIP-7220,-22.99,2026-02-22T15:40:32.278604,OK
SENSOR-4,SHIP-3922,-11.26,2026-02-22T15:40:34.375899,CRITICAL
SENSOR-3,SHIP-3849,-13.65,2026-02-22T15:40:36.439992,CRITICAL
SENSOR-9,SHIP-6769,-19.25,2026-02-22T15:40:38.508644,OK
SENSOR-7,SHIP-3006,-13.58,2026-02-22T15:40:40.577961,CRITICAL
SENSOR-9,SHIP-5808,-12.47,2026-02-22T15:40:42.654773,CRITICAL
SENSOR-5,SHIP-9445,-14.18,2026-02-22T15:40:44.719028,CRITICAL
SENSOR-2,SHIP-9848,-10.12,2026-02-22T15:40:46.791185,CRITICAL
SENSOR-10,SHIP-1353,-24.54,2026-02-22T15:40:48.843596,OK
SENSOR-1,SHIP-1933,-11.67,2026-02-22T15:40:50.913886,CRITICAL
SENSOR-1,SHIP-2459,-19.96,2026-02-22T15:40:52.992731,OK
SENSOR-7,SHIP-7431,-14.33,2026-02-22T15:40:55.058673,CRITICAL
SENSOR-7,SHIP-6937,-23.12,2026-02-22T15:40:57.114403,OK
SENSOR-9,SHIP-8450,-21.05,2026-02-22T15:40:59.211930,OK
SENSOR-6,SHIP-9567,-11.75,2026-02-22T15:41:01.303409,CRITICAL
SENSOR-8,SHIP-5569,-19.43,2026-02-22T15:41:03.378220,OK
SENSOR-6,SHIP-3247,-22.56,2026-02-22T15:41:05.455601,OK
SENSOR-3,SHIP-4605,-16.9,2026-02-22T15:41:07.522406,CRITICAL
SENSOR-2,SHIP-9733,-23.19,2026-02-22T15:41:09.569733,OK
SENSOR-1,SHIP-9032,-22.59,2026-02-22T15:41:11.619891,OK
SENSOR-1,SHIP-1817,-21.26,2026-02-22T15:41:13.675543,OK
SENSOR-9,SHIP-8170,-16.45,2026-02-22T15:41:15.759408,CRITICAL
SENSOR-3,SHIP-2026,-10.99,2026-02-22T15:41:17.824278,CRITICAL
SENSOR-1,SHIP-8528,-19.13,2026-02-22T15:41:19.883776,OK
SENSOR-8,SHIP-7670,-10.56,2026-02-22T15:41:21.943316,CRITICAL
SENSOR-9,SHIP-9751,-23.57,2026-02-22T15:41:24.047451,OK
SENSOR-7,SHIP-1815,-19.52,2026-02-22T15:41:26.099502,OK
SENSOR-6,SHIP-2658,-22.63,2026-02-22T15:41:28.158940,OK
SENSOR-3,SHIP-7995,-10.02,2026-02-22T15:41:30.258275,CRITICAL
SENSOR-6,SHIP-5381,-20.1,2026-02-22T15:41:32.316554,OK
SENSOR-10,SHIP-1474,-24.19,2026-02-22T15:41:34.380202,OK
SENSOR-9,SHIP-5164,-23.05,2026-02-22T15:41:36.461097,OK
SENSOR-9,SHIP-1031,-22.15,2026-02-22T15:41:38.534995,OK
SENSOR-10,SHIP-4483,-17.38,2026-02-22T15:41:40.618503,CRITICAL
SENSOR-1,SHIP-5567,-16.92,2026-02-22T15:41:42.685375,CRITICAL
SENSOR-5,SHIP-7424,-20.11,2026-02-22T15:41:44.738363,OK
SENSOR-10,SHIP-8348,-23.44,2026-02-22T15:41:46.808512,OK
SENSOR-4,SHIP-4945,-20.53,2026-02-22T15:41:48.886815,OK
SENSOR-5,SHIP-7240,-16.82,2026-02-22T15:41:50.930816,CRITICAL
SENSOR-2,SHIP-8824,-20.08,2026-02-22T15:41:52.986430,OK
SENSOR-1,SHIP-1706,-12.64,2026-02-22T15:41:55.045638,CRITICAL
SENSOR-4,SHIP-6932,-11.62,2026-02-22T15:41:57.113186,CRITICAL
